Tools,Port 10: NDI-MF2 610016 T6A0-L00051  s/n:3A913800 Channel:0,Frame,Face,State,Angle,Latitude,Longitude,Spin,Tx,Ty,Tz,Error,Markers,Port 11: NDI-MF2 610016 T6A0-L00051  s/n:3A913800 Channel:0,Frame,Face,State,Angle,Latitude,Longitude,Spin,Tx,Ty,Tz,Error,Markers,Port 12: NDI-MF2 610016 T6a0-L00018  s/n:38C3F80A Channel:0,Frame,Face,State,Angle,Latitude,Longitude,Spin,Tx,Ty,Tz,Error,Markers
3,Port 10: NDI-MF2 610016 T6A0-L00051  s/n:3A913800 Channel:0,3464760,1,OK,56.7231516,9.6696574,56.1795065,-18.4393654,33.655,-5.748,-249.477,0.0338807,0,Port 11: NDI-MF2 610016 T6A0-L00051  s/n:3A913800 Channel:0,3464760,1,OK,56.7928286,11.0987422,56.0750650,-38.1059075,32.149,-1.091,-243.648,0.0287493,0,Port 12: NDI-MF2 610016 T6a0-L00018  s/n:38C3F80A Channel:0,3464760,1,OK,90.3271350,3.2737694,-90.3276698,0.6341158,58.674,-35.615,-168.655,0.0457850,0
3,Port 10: NDI-MF2 610016 T6A0-L00051  s/n:3A913800 Channel:0,3464768,1,OK,56.7237445,9.6660228,56.1805265,-18.4413568,33.652,-5.744,-249.471,0.0340544,0,Port 11: NDI-MF2 610016 T6A0-L00051  s/n:3A913800 Channel:0,3464768,1,OK,56.7927554,11.0996533,56.0748696,-38.1035197,32.151,-1.091,-243.653,0.0288212,0,Port 12: NDI-MF2 610016 T6a0-L00018  s/n:38C3F80A Channel:0,3464768,1,OK,90.2276718,3.2140726,-90.2280305,0.4421133,58.570,-35.807,-168.399,0.0413985,0
3,Port 10: NDI-MF2 610016 T6A0-L00051  s/n:3A913800 Channel:0,3464776,1,OK,56.7219472,9.6670760,56.1785716,-18.4512745,33.651,-5.749,-249.485,0.0347036,0,Port 11: NDI-MF2 610016 T6A0-L00051  s/n:3A913800 Channel:0,3464776,1,OK,56.7906209,11.1018663,56.0723842,-38.1001865,32.156,-1.101,-243.664,0.0295220,0,Port 12: NDI-MF2 610016 T6a0-L00018  s/n:38C3F80A Channel:0,3464776,1,OK,90.1107480,3.2461351,-90.1109260,0.2151109,58.356,-35.945,-168.345,0.0368809,0
3,Port 10: NDI-MF2 610016 T6A0-L00051  s/n:3A913800 Channel:0,3464784,1,OK,56.7237326,9.6654329,56.1805816,-18.4448249,33.658,-5.749,-249.489,0.0341317,0,Port 11: NDI-MF2 610016 T6A0-L00051  s/n:3A913800 Channel:0,3464784,1,OK,56.7897507,11.1047137,56.0711141,-38.0996980,32.165,-1.105,-243.653,0.0294540,0,Port 12: NDI-MF2 610016 T6a0-L00018  s/n:38C3F80A Channel:0,3464784,1,OK,90.1062958,3.2375215,-90.1064657,0.2064658,58.359,-35.928,-168.332,0.0391704,0
3,Port 10: NDI-MF2 610016 T6A0-L00051  s/n:3A913800 Channel:0,3464792,1,OK,56.7271701,9.6665956,56.1839580,-18.4476433,33.664,-5.743,-249.480,0.0335818,0,Port 11: NDI-MF2 610016 T6A0-L00051  s/n:3A913800 Channel:0,3464792,1,OK,56.7895129,11.1053991,56.0707792,-38.1022788,32.174,-1.107,-243.646,0.0291816,0,Port 12: NDI-MF2 610016 T6a0-L00018  s/n:38C3F80A Channel:0,3464792,1,OK,90.1095077,3.2522923,-90.1096843,0.2126626,58.328,-35.920,-168.284,0.0314409,0
3,Port 10: NDI-MF2 610016 T6A0-L00051  s/n:3A913800 Channel:0,3464800,1,OK,56.7285436,9.6664613,56.1853754,-18.4423353,33.668,-5.739,-249.472,0.0333273,0,Port 11: NDI-MF2 610016 T6A0-L00051  s/n:3A913800 Channel:0,3464800,1,OK,56.7921937,11.1075557,56.0732492,-38.0962932,32.180,-1.102,-243.655,0.0289062,0,Port 12: NDI-MF2 610016 T6a0-L00018  s/n:38C3F80A Channel:0,3464800,1,OK,90.1334528,3.2534464,-90.1336683,0.2591228,58.339,-35.937,-168.318,0.0337646,0
3,Port 10: NDI-MF2 610016 T6A0-L00051  s/n:3A913800 Channel:0,3464808,1,OK,56.7297419,9.6680139,56.1864215,-18.4396137,33.669,-5.733,-249.459,0.0331748,0,Port 11: NDI-MF2 610016 T6A0-L00051  s/n:3A913800 Channel:0,3464808,1,OK,56.7929611,11.1062045,56.0742162,-38.0843109,32.178,-1.101,-243.657,0.0294852,0,Port 12: NDI-MF2 610016 T6a0-L00018  s/n:38C3F80A Channel:0,3464808,1,OK,90.1587586,3.2691352,-90.1590174,0.3081381,58.292,-35.965,-168.256,0.0391354,0
3,Port 10: NDI-MF2 610016 T6A0-L00051  s/n:3A913800 Channel:0,3464816,1,OK,56.7260598,9.6658896,56.1829051,-18.4383557,33.656,-5.743,-249.460,0.0325559,0,Port 11: NDI-MF2 610016 T6A0-L00051  s/n:3A913800 Channel:0,3464816,1,OK,56.7891570,11.1059178,56.0703449,-38.0894638,32.169,-1.107,-243.652,0.0288923,0,Port 12: NDI-MF2 610016 T6a0-L00018  s/n:38C3F80A Channel:0,3464816,1,OK,90.1605802,3.2721325,-90.1608424,0.3116266,58.369,-35.968,-168.382,0.0341318,0
3,Port 10: NDI-MF2 610016 T6A0-L00051  s/n:3A913800 Channel:0,3464824,1,OK,56.7287423,9.6663146,56.1855949,-18.4317455,33.651,-5.742,-249.455,0.0318489,0,Port 11: NDI-MF2 610016 T6A0-L00051  s/n:3A913800 Channel:0,3464824,1,OK,56.7908441,11.1047500,56.0722328,-38.0893082,32.162,-1.102,-243.652,0.0284694,0,Port 12: NDI-MF2 610016 T6a0-L00018  s/n:38C3F80A Channel:0,3464824,1,OK,90.1657289,3.2806305,-90.1660009,0.3216354,58.403,-35.957,-168.369,0.0353100,0
3,Port 10: NDI-MF2 610016 T6A0-L00051  s/n:3A913800 Channel:0,3464832,1,OK,56.7299243,9.6669026,56.1867344,-18.4377737,33.654,-5.738,-249.447,0.0318296,0,Port 11: NDI-MF2 610016 T6A0-L00051  s/n:3A913800 Channel:0,3464832,1,OK,56.7920871,11.1078163,56.0731052,-38.0841975,32.167,-1.098,-243.648,0.0279617,0,Port 12: NDI-MF2 610016 T6a0-L00018  s/n:38C3F80A Channel:0,3464832,1,OK,90.1968089,3.2757709,-90.1971310,0.3819694,58.395,-35.977,-168.389,0.0338475,0
3,Port 10: NDI-MF2 610016 T6A0-L00051  s/n:3A913800 Channel:0,3464840,1,OK,56.7283093,9.6684113,56.1849137,-18.4250354,33.656,-5.743,-249.456,0.0308231,0,Port 11: NDI-MF2 610016 T6A0-L00051  s/n:3A913800 Channel:0,3464840,1,OK,56.7897324,11.1065723,56.0708498,-38.0840640,32.167,-1.104,-243.655,0.0284652,0,Port 12: NDI-MF2 610016 T6a0-L00018  s/n:38C3F80A Channel:0,3464840,1,OK,90.1469189,3.2651598,-90.1471578,0.2852224,58.339,-35.950,-168.297,0.0365910,0
3,Port 10: NDI-MF2 610016 T6A0-L00051  s/n:3A913800 Channel:0,3464848,1,OK,56.7278821,9.6733434,56.1839146,-18.4205367,33.667,-5.745,-249.478,0.0306072,0,Port 11: NDI-MF2 610016 T6A0-L00051  s/n:3A913800 Channel:0,3464848,1,OK,56.7924355,11.1107044,56.0730818,-38.0759719,32.175,-1.100,-243.657,0.0286318,0,Port 12: NDI-MF2 610016 T6a0-L00018  s/n:38C3F80A Channel:0,3464848,1,OK,90.1541338,3.2709343,-90.1543853,0.2992052,58.340,-35.944,-168.296,0.0371283,0
3,Port 10: NDI-MF2 610016 T6A0-L00051  s/n:3A913800 Channel:0,3464856,1,OK,56.7262519,9.6703909,56.1825875,-18.4241390,33.664,-5.745,-249.477,0.0306426,0,Port 11: NDI-MF2 610016 T6A0-L00051  s/n:3A913800 Channel:0,3464856,1,OK,56.7943225,11.1066991,56.0755499,-38.0705694,32.167,-1.093,-243.649,0.0279631,0,Port 12: NDI-MF2 610016 T6a0-L00018  s/n:38C3F80A Channel:0,3464856,1,OK,90.1617737,3.2750385,-90.1620383,0.3140064,58.342,-35.947,-168.293,0.0369258,0
3,Port 10: NDI-MF2 610016 T6A0-L00051  s/n:3A913800 Channel:0,3464864,1,OK,56.7275741,9.6702238,56.1839563,-18.4298618,33.661,-5.738,-249.468,0.0312690,0,Port 11: NDI-MF2 610016 T6A0-L00051  s/n:3A913800 Channel:0,3464864,1,OK,56.7942434,11.1070295,56.0754250,-38.0717940,32.166,-1.092,-243.661,0.0278297,0,Port 12: NDI-MF2 610016 T6a0-L00018  s/n:38C3F80A Channel:0,3464864,1,OK,90.1691749,3.2787364,-90.1694523,0.3283479,58.337,-35.951,-168.285,0.0370835,0
3,Port 10: NDI-MF2 610016 T6A0-L00051  s/n:3A913800 Channel:0,3464872,1,OK,56.7277211,9.6699318,56.1841397,-18.4291526,33.664,-5.733,-249.470,0.0320787,0,Port 11: NDI-MF2 610016 T6A0-L00051  s/n:3A913800 Channel:0,3464872,1,OK,56.7933286,11.1084785,56.0742935,-38.0747992,32.165,-1.090,-243.658,0.0279121,0,Port 12: NDI-MF2 610016 T6a0-L00018  s/n:38C3F80A Channel:0,3464872,1,OK,90.1749769,3.2841219,-90.1752647,0.3395847,58.339,-35.946,-168.281,0.0374874,0
3,Port 10: NDI-MF2 610016 T6A0-L00051  s/n:3A913800 Channel:0,3464880,1,OK,56.7284452,9.6634153,56.1856223,-18.4197663,33.652,-5.729,-249.486,0.0308373,0,Port 11: NDI-MF2 610016 T6A0-L00051  s/n:3A913800 Channel:0,3464880,1,OK,56.7918528,11.1035248,56.0734311,-38.0785825,32.157,-1.090,-243.665,0.0280144,0,Port 12: NDI-MF2 610016 T6a0-L00018  s/n:38C3F80A Channel:0,3464880,1,OK,90.1788320,3.2870387,-90.1791267,0.3470540,58.345,-35.945,-168.283,0.0380484,0
3,Port 10: NDI-MF2 610016 T6A0-L00051  s/n:3A913800 Channel:0,3464888,1,OK,56.7289511,9.6589604,56.1866468,-18.4208267,33.645,-5.730,-249.492,0.0313074,0,Port 11: NDI-MF2 610016 T6A0-L00051  s/n:3A913800 Channel:0,3464888,1,OK,56.7886237,11.1021443,56.0702952,-38.0867827,32.152,-1.096,-243.668,0.0280793,0,Port 12: NDI-MF2 610016 T6a0-L00018  s/n:38C3F80A Channel:0,3464888,1,OK,90.1794771,3.2894398,-90.1797733,0.3483028,58.348,-35.942,-168.287,0.0385037,0
3,Port 10: NDI-MF2 610016 T6A0-L00051  s/n:3A913800 Channel:0,3464896,1,OK,56.7283470,9.6623039,56.1856489,-18.4212482,33.655,-5.736,-249.496,0.0311976,0,Port 11: NDI-MF2 610016 T6A0-L00051  s/n:3A913800 Channel:0,3464896,1,OK,56.7892791,11.1052955,56.0705526,-38.0847001,32.163,-1.096,-243.674,0.0285192,0,Port 12: NDI-MF2 610016 T6a0-L00018  s/n:38C3F80A Channel:0,3464896,1,OK,90.1803490,3.2906543,-90.1806468,0.3499834,58.351,-35.938,-168.283,0.0373411,0
3,Port 10: NDI-MF2 610016 T6A0-L00051  s/n:3A913800 Channel:0,3464904,1,OK,56.7294634,9.6604817,56.1869963,-18.4202529,33.658,-5.729,-249.501,0.0312569,0,Port 11: NDI-MF2 610016 T6A0-L00051  s/n:3A913800 Channel:0,3464904,1,OK,56.7899254,11.1070775,56.0709814,-38.0839506,32.168,-1.097,-243.673,0.0287161,0,Port 12: NDI-MF2 610016 T6a0-L00018  s/n:38C3F80A Channel:0,3464904,1,OK,90.1808625,3.2931966,-90.1811617,0.3509758,58.353,-35.934,-168.275,0.0360570,0
3,Port 10: NDI-MF2 610016 T6A0-L00051  s/n:3A913800 Channel:0,3464912,1,OK,56.7281934,9.6602329,56.1857282,-18.4191680,33.656,-5.732,-249.513,0.0311498,0,Port 11: NDI-MF2 610016 T6A0-L00051  s/n:3A913800 Channel:0,3464912,1,OK,56.7930025,11.1039874,56.0745514,-38.0780046,32.164,-1.089,-243.686,0.0291910,0,Port 12: NDI-MF2 610016 T6a0-L00018  s/n:38C3F80A Channel:0,3464912,1,OK,90.1797386,3.2925132,-90.1800358,0.3488038,58.352,-35.929,-168.264,0.0359021,0
3,Port 10: NDI-MF2 610016 T6A0-L00051  s/n:3A913800 Channel:0,3464920,1,OK,56.7315839,9.6636567,56.1887988,-18.4221637,33.658,-5.729,-249.506,0.0317111,0,Port 11: NDI-MF2 610016 T6A0-L00051  s/n:3A913800 Channel:0,3464920,1,OK,56.7955340,11.1043973,56.0770987,-38.0800425,32.162,-1.085,-243.674,0.0287663,0,Port 12: NDI-MF2 610016 T6a0-L00018  s/n:38C3F80A Channel:0,3464920,1,OK,90.1808736,3.2921851,-90.1811726,0.3510065,58.347,-35.937,-168.260,0.0365143,0
3,Port 10: NDI-MF2 610016 T6A0-L00051  s/n:3A913800 Channel:0,3464928,1,OK,56.7326477,9.6639776,56.1898482,-18.4243193,33.653,-5.728,-249.500,0.0317800,0,Port 11: NDI-MF2 610016 T6A0-L00051  s/n:3A913800 Channel:0,3464928,1,OK,56.7939569,11.1031243,56.0756461,-38.0911824,32.156,-1.089,-243.671,0.0285341,0,Port 12: NDI-MF2 610016 T6a0-L00018  s/n:38C3F80A Channel:0,3464928,1,OK,90.1792822,3.2917147,-90.1795785,0.3479182,58.342,-35.935,-168.255,0.0366018,0
3,Port 10: NDI-MF2 610016 T6A0-L00051  s/n:3A913800 Channel:0,3464936,1,OK,56.7331530,9.6665709,56.1900682,-18.4212950,33.653,-5.728,-249.494,0.0314535,0,Port 11: NDI-MF2 610016 T6A0-L00051  s/n:3A913800 Channel:0,3464936,1,OK,56.7937488,11.1052418,56.0751527,-38.0934037,32.156,-1.089,-243.671,0.0286299,0,Port 12: NDI-MF2 610016 T6a0-L00018  s/n:38C3F80A Channel:0,3464936,1,OK,90.1813261,3.2919562,-90.1816258,0.3518826,58.332,-35.947,-168.250,0.0370466,0
3,Port 10: NDI-MF2 610016 T6A0-L00051  s/n:3A913800 Channel:0,3464944,1,OK,56.7344985,9.6674705,56.1913390,-18.4145309,33.657,-5.727,-249.497,0.0311203,0,Port 11: NDI-MF2 610016 T6A0-L00051  s/n:3A913800 Channel:0,3464944,1,OK,56.7914822,11.1036275,56.0730367,-38.0973829,32.155,-1.092,-243.666,0.0288927,0,Port 12: NDI-MF2 610016 T6a0-L00018  s/n:38C3F80A Channel:0,3464944,1,OK,90.1933397,3.2909617,-90.1936591,0.3751881,58.344,-35.957,-168.251,0.0372522,0
3,Port 10: NDI-MF2 610016 T6A0-L00051  s/n:3A913800 Channel:0,3464952,1,OK,56.7391330,9.6635778,56.1965138,-18.4153630,33.648,-5.716,-249.495,0.0305526,0,Port 11: NDI-MF2 610016 T6A0-L00051  s/n:3A913800 Channel:0,3464952,1,OK,56.7933480,11.1010817,56.0752901,-38.0926158,32.154,-1.090,-243.680,0.0293124,0,Port 12: NDI-MF2 610016 T6a0-L00018  s/n:38C3F80A Channel:0,3464952,1,OK,90.3639381,3.3132244,-90.3645475,0.7052568,58.446,-35.922,-168.430,0.0503808,0
3,Port 10: NDI-MF2 610016 T6A0-L00051  s/n:3A913800 Channel:0,3464960,1,OK,56.7379262,9.6696380,56.1945907,-18.4264530,33.657,-5.720,-249.488,0.0320545,0,Port 11: NDI-MF2 610016 T6A0-L00051  s/n:3A913800 Channel:0,3464960,1,OK,56.7932753,11.1054198,56.0746427,-38.0955221,32.161,-1.087,-243.683,0.0293401,0,Port 12: NDI-MF2 610016 T6a0-L00018  s/n:38C3F80A Channel:0,3464960,1,OK,90.3193195,3.3402844,-90.3198630,0.6189154,58.392,-35.974,-168.350,0.0406879,0
3,Port 10: NDI-MF2 610016 T6A0-L00051  s/n:3A913800 Channel:0,3464968,1,OK,56.7331186,9.6731933,56.1892773,-18.4285768,33.660,-5.732,-249.488,0.0318088,0,Port 11: NDI-MF2 610016 T6A0-L00051  s/n:3A913800 Channel:0,3464968,1,OK,56.7927913,11.1045966,56.0742540,-38.0910333,32.160,-1.089,-243.682,0.0288318,0,Port 12: NDI-MF2 610016 T6a0-L00018  s/n:38C3F80A Channel:0,3464968,1,OK,90.2470690,3.3318925,-90.2474873,0.4791982,58.372,-35.953,-168.392,0.0366064,0
3,Port 10: NDI-MF2 610016 T6A0-L00051  s/n:3A913800 Channel:0,3464976,1,OK,56.7352169,9.6765607,56.1910349,-18.4299962,33.667,-5.725,-249.486,0.0325729,0,Port 11: NDI-MF2 610016 T6A0-L00051  s/n:3A913800 Channel:0,3464976,1,OK,56.7940001,11.1003475,56.0760570,-38.0864763,32.155,-1.084,-243.679,0.0289638,0,Port 12: NDI-MF2 610016 T6a0-L00018  s/n:38C3F80A Channel:0,3464976,1,OK,90.2238686,3.2970031,-90.2242397,0.4343932,58.390,-35.976,-168.354,0.0406732,0
3,Port 10: NDI-MF2 610016 T6A0-L00051  s/n:3A913800 Channel:0,3464984,1,OK,56.7368074,9.6755162,56.1927778,-18.4295741,33.667,-5.725,-249.474,0.0326247,0,Port 11: NDI-MF2 610016 T6A0-L00051  s/n:3A913800 Channel:0,3464984,1,OK,56.7943652,11.0991480,56.0765904,-38.0847409,32.153,-1.081,-243.670,0.0287215,0,Port 12: NDI-MF2 610016 T6a0-L00018  s/n:38C3F80A Channel:0,3464984,1,OK,90.2181778,3.3377791,-90.2185485,0.4232805,58.360,-35.970,-168.348,0.0369823,0
3,Port 10: NDI-MF2 610016 T6A0-L00051  s/n:3A913800 Channel:0,3464992,1,OK,56.7380057,9.6726397,56.1943294,-18.4225311,33.665,-5.722,-249.474,0.0322847,0,Port 11: NDI-MF2 610016 T6A0-L00051  s/n:3A913800 Channel:0,3464992,1,OK,56.7908162,11.1002973,56.0727920,-38.0922469,32.153,-1.086,-243.667,0.0285360,0,Port 12: NDI-MF2 610016 T6a0-L00018  s/n:38C3F80A Channel:0,3464992,1,OK,90.2173362,3.3178591,-90.2177011,0.4217025,58.351,-35.967,-168.380,0.0363109,0
3,Port 10: NDI-MF2 610016 T6A0-L00051  s/n:3A913800 Channel:0,3465000,1,OK,56.7348514,9.6681644,56.1916201,-18.4272903,33.659,-5.726,-249.481,0.0325347,0,Port 11: NDI-MF2 610016 T6A0-L00051  s/n:3A913800 Channel:0,3465000,1,OK,56.7881099,11.1008436,56.0699389,-38.0919238,32.154,-1.090,-243.671,0.0280318,0,Port 12: NDI-MF2 610016 T6a0-L00018  s/n:38C3F80A Channel:0,3465000,1,OK,90.2271255,3.3204577,-90.2275075,0.4406669,58.352,-35.981,-168.372,0.0347386,0
3,Port 10: NDI-MF2 610016 T6A0-L00051  s/n:3A913800 Channel:0,3465008,1,OK,56.7343674,9.6689316,56.1910385,-18.4255299,33.667,-5.726,-249.470,0.0325329,0,Port 11: NDI-MF2 610016 T6A0-L00051  s/n:3A913800 Channel:0,3465008,1,OK,56.7885703,11.0965967,56.0709724,-38.0883922,32.151,-1.086,-243.667,0.0284708,0,Port 12: NDI-MF2 610016 T6a0-L00018  s/n:38C3F80A Channel:0,3465008,1,OK,90.2213255,3.3173253,-90.2216970,0.4294468,58.363,-35.958,-168.369,0.0355563,0
3,Port 10: NDI-MF2 610016 T6A0-L00051  s/n:3A913800 Channel:0,3465016,1,OK,56.7326782,9.6720012,56.1889638,-18.4233148,33.673,-5.730,-249.466,0.0324849,0,Port 11: NDI-MF2 610016 T6A0-L00051  s/n:3A913800 Channel:0,3465016,1,OK,56.7865059,11.0982039,56.0686391,-38.0956325,32.156,-1.091,-243.655,0.0286289,0,Port 12: NDI-MF2 610016 T6a0-L00018  s/n:38C3F80A Channel:0,3465016,1,OK,90.2179374,3.3259778,-90.2183051,0.4228677,58.380,-35.943,-168.365,0.0356603,0
3,Port 10: NDI-MF2 610016 T6A0-L00051  s/n:3A913800 Channel:0,3465024,1,OK,56.7286117,9.6710780,56.1849181,-18.4327588,33.667,-5.736,-249.465,0.0324502,0,Port 11: NDI-MF2 610016 T6A0-L00051  s/n:3A913800 Channel:0,3465024,1,OK,56.7845151,11.0982948,56.0665814,-38.0982306,32.151,-1.092,-243.651,0.0281591,0,Port 12: NDI-MF2 610016 T6a0-L00018  s/n:38C3F80A Channel:0,3465024,1,OK,90.2151211,3.3262185,-90.2154841,0.4173903,58.375,-35.939,-168.364,0.0357081,0
3,Port 10: NDI-MF2 610016 T6A0-L00051  s/n:3A913800 Channel:0,3465032,1,OK,56.7276176,9.6707536,56.1839403,-18.4250869,33.665,-5.739,-249.468,0.0316757,0,Port 11: NDI-MF2 610016 T6A0-L00051  s/n:3A913800 Channel:0,3465032,1,OK,56.7819060,11.0959979,56.0642035,-38.1023402,32.143,-1.097,-243.651,0.0280974,0,Port 12: NDI-MF2 610016 T6a0-L00018  s/n:38C3F80A Channel:0,3465032,1,OK,90.2149196,3.3249539,-90.2152820,0.4169499,58.339,-35.915,-168.289,0.0362203,0
3,Port 10: NDI-MF2 610016 T6A0-L00051  s/n:3A913800 Channel:0,3465040,1,OK,56.7296572,9.6708281,56.1860138,-18.4298795,33.665,-5.735,-249.451,0.0316031,0,Port 11: NDI-MF2 610016 T6A0-L00051  s/n:3A913800 Channel:0,3465040,1,OK,56.7804095,11.0941907,56.0629042,-38.1031522,32.139,-1.104,-243.640,0.0285199,0,Port 12: NDI-MF2 610016 T6a0-L00018  s/n:38C3F80A Channel:0,3465040,1,OK,90.2147923,3.3215913,-90.2151538,0.4167238,58.342,-35.922,-168.282,0.0361148,0
3,Port 10: NDI-MF2 610016 T6A0-L00051  s/n:3A913800 Channel:0,3465048,1,OK,56.7288561,9.6743507,56.1847939,-18.4378518,33.672,-5.734,-249.450,0.0321555,0,Port 11: NDI-MF2 610016 T6A0-L00051  s/n:3A913800 Channel:0,3465048,1,OK,56.7799758,11.0985658,56.0618811,-38.1033897,32.146,-1.107,-243.642,0.0287358,0,Port 12: NDI-MF2 610016 T6a0-L00018  s/n:38C3F80A Channel:0,3465048,1,OK,90.2118517,3.3217001,-90.2122083,0.4110335,58.340,-35.926,-168.269,0.0357871,0
3,Port 10: NDI-MF2 610016 T6A0-L00051  s/n:3A913800 Channel:0,3465056,1,OK,56.7298528,9.6683949,56.1864912,-18.4327841,33.658,-5.729,-249.443,0.0313888,0,Port 11: NDI-MF2 610016 T6A0-L00051  s/n:3A913800 Channel:0,3465056,1,OK,56.7807986,11.0985010,56.0627351,-38.1087874,32.145,-1.103,-243.645,0.0285594,0,Port 12: NDI-MF2 610016 T6a0-L00018  s/n:38C3F80A Channel:0,3465056,1,OK,90.2125511,3.3210886,-90.2129087,0.4123861,58.332,-35.928,-168.279,0.0360434,0
3,Port 10: NDI-MF2 610016 T6A0-L00051  s/n:3A913800 Channel:0,3465064,1,OK,56.7308819,9.6689726,56.1874758,-18.4335416,33.654,-5.723,-249.443,0.0311320,0,Port 11: NDI-MF2 610016 T6A0-L00051  s/n:3A913800 Channel:0,3465064,1,OK,56.7801515,11.0991641,56.0619827,-38.1125534,32.144,-1.105,-243.649,0.0286317,0,Port 12: NDI-MF2 610016 T6a0-L00018  s/n:38C3F80A Channel:0,3465064,1,OK,90.2139281,3.3207619,-90.2142879,0.4150575,58.327,-35.940,-168.280,0.0362656,0
3,Port 10: NDI-MF2 610016 T6A0-L00051  s/n:3A913800 Channel:0,3465072,1,OK,56.7329898,9.6699431,56.1895168,-18.4427960,33.652,-5.719,-249.432,0.0321984,0,Port 11: NDI-MF2 610016 T6A0-L00051  s/n:3A913800 Channel:0,3465072,1,OK,56.7810240,11.1001302,56.0627517,-38.1106186,32.144,-1.105,-243.652,0.0285750,0,Port 12: NDI-MF2 610016 T6a0-L00018  s/n:38C3F80A Channel:0,3465072,1,OK,90.2144964,3.3209380,-90.2148572,0.4161630,58.331,-35.938,-168.284,0.0361642,0
3,Port 10: NDI-MF2 610016 T6A0-L00051  s/n:3A913800 Channel:0,3465080,1,OK,56.7325815,9.6725386,56.1888038,-18.4426962,33.658,-5.719,-249.423,0.0322257,0,Port 11: NDI-MF2 610016 T6A0-L00051  s/n:3A913800 Channel:0,3465080,1,OK,56.7833572,11.0992843,56.0652609,-38.1099797,32.146,-1.100,-243.654,0.0290332,0,Port 12: NDI-MF2 610016 T6a0-L00018  s/n:38C3F80A Channel:0,3465080,1,OK,90.2141485,3.3209969,-90.2145087,0.4154868,58.331,-35.939,-168.289,0.0369724,0
3,Port 10: NDI-MF2 610016 T6A0-L00051  s/n:3A913800 Channel:0,3465088,1,OK,56.7319172,9.6694933,56.1884732,-18.4406324,33.649,-5.722,-249.432,0.0318079,0,Port 11: NDI-MF2 610016 T6A0-L00051  s/n:3A913800 Channel:0,3465088,1,OK,56.7815787,11.1034572,56.0628825,-38.1103630,32.150,-1.103,-243.652,0.0291309,0,Port 12: NDI-MF2 610016 T6a0-L00018  s/n:38C3F80A Channel:0,3465088,1,OK,90.2134145,3.3224823,-90.2137738,0.4140621,58.330,-35.939,-168.292,0.0370502,0
3,Port 10: NDI-MF2 610016 T6A0-L00051  s/n:3A913800 Channel:0,3465096,1,OK,56.7358489,9.6652116,56.1929751,-18.4417953,33.650,-5.715,-249.430,0.0322537,0,Port 11: NDI-MF2 610016 T6A0-L00051  s/n:3A913800 Channel:0,3465096,1,OK,56.7846663,11.1010912,56.0663676,-38.0979935,32.149,-1.100,-243.663,0.0291726,0,Port 12: NDI-MF2 610016 T6a0-L00018  s/n:38C3F80A Channel:0,3465096,1,OK,90.2136257,3.3209914,-90.2139850,0.4144731,58.326,-35.941,-168.287,0.0374345,0
3,Port 10: NDI-MF2 610016 T6A0-L00051  s/n:3A913800 Channel:0,3465104,1,OK,56.7360454,9.6634875,56.1933723,-18.4370047,33.651,-5.714,-249.430,0.0323745,0,Port 11: NDI-MF2 610016 T6A0-L00051  s/n:3A913800 Channel:0,3465104,1,OK,56.7865452,11.0976077,56.0687582,-38.0947259,32.152,-1.097,-243.670,0.0295074,0,Port 12: NDI-MF2 610016 T6a0-L00018  s/n:38C3F80A Channel:0,3465104,1,OK,90.2156300,3.3212294,-90.2159927,0.4183573,58.326,-35.949,-168.289,0.0373902,0
3,Port 10: NDI-MF2 610016 T6A0-L00051  s/n:3A913800 Channel:0,3465112,1,OK,56.7335773,9.6673293,56.1904147,-18.4493486,33.659,-5.721,-249.422,0.0339013,0,Port 11: NDI-MF2 610016 T6A0-L00051  s/n:3A913800 Channel:0,3465112,1,OK,56.7897170,11.1035691,56.0712305,-38.0907030,32.165,-1.093,-243.667,0.0289978,0,Port 12: NDI-MF2 610016 T6a0-L00018  s/n:38C3F80A Channel:0,3465112,1,OK,90.2164322,3.3213528,-90.2167964,0.4199113,58.327,-35.953,-168.290,0.0375456,0
3,Port 10: NDI-MF2 610016 T6A0-L00051  s/n:3A913800 Channel:0,3465120,1,OK,56.7338639,9.6671210,56.1907311,-18.4461808,33.657,-5.720,-249.433,0.0337487,0,Port 11: NDI-MF2 610016 T6A0-L00051  s/n:3A913800 Channel:0,3465120,1,OK,56.7942032,11.1059013,56.0755326,-38.0816711,32.169,-1.083,-243.660,0.0286233,0,Port 12: NDI-MF2 610016 T6a0-L00018  s/n:38C3F80A Channel:0,3465120,1,OK,90.2130847,3.3235654,-90.2134437,0.4134208,58.326,-35.939,-168.290,0.0376039,0
3,Port 10: NDI-MF2 610016 T6A0-L00051  s/n:3A913800 Channel:0,3465128,1,OK,56.7393968,9.6617629,56.1969899,-18.4341291,33.650,-5.710,-249.430,0.0328321,0,Port 11: NDI-MF2 610016 T6A0-L00051  s/n:3A913800 Channel:0,3465128,1,OK,56.7961650,11.1025288,56.0779937,-38.0828656,32.163,-1.077,-243.650,0.0283225,0,Port 12: NDI-MF2 610016 T6a0-L00018  s/n:38C3F80A Channel:0,3465128,1,OK,90.2146885,3.3225623,-90.2150500,0.4165338,58.327,-35.943,-168.291,0.0378034,0
3,Port 10: NDI-MF2 610016 T6A0-L00051  s/n:3A913800 Channel:0,3465136,1,OK,56.7370178,9.6645924,56.1942389,-18.4349220,33.652,-5.717,-249.446,0.0328612,0,Port 11: NDI-MF2 610016 T6A0-L00051  s/n:3A913800 Channel:0,3465136,1,OK,56.7935404,11.1037713,56.0751327,-38.0830973,32.156,-1.086,-243.662,0.0291300,0,Port 12: NDI-MF2 610016 T6a0-L00018  s/n:38C3F80A Channel:0,3465136,1,OK,90.2193641,3.3302754,-90.2197352,0.4255918,58.327,-35.942,-168.278,0.0376970,0
3,Port 10: NDI-MF2 610016 T6A0-L00051  s/n:3A913800 Channel:0,3465144,1,OK,56.7369660,9.6645961,56.1941856,-18.4390781,33.650,-5.718,-249.451,0.0336668,0,Port 11: NDI-MF2 610016 T6A0-L00051  s/n:3A913800 Channel:0,3465144,1,OK,56.7947362,11.1053656,56.0761510,-38.0812412,32.158,-1.087,-243.660,0.0291198,0,Port 12: NDI-MF2 610016 T6a0-L00018  s/n:38C3F80A Channel:0,3465144,1,OK,90.3443598,3.4244201,-90.3449757,0.6670763,58.300,-35.948,-168.390,0.0353863,0
3,Port 10: NDI-MF2 610016 T6A0-L00051  s/n:3A913800 Channel:0,3465152,1,OK,56.7397137,9.6630660,56.1971649,-18.4360225,33.646,-5.714,-249.462,0.0328341,0,Port 11: NDI-MF2 610016 T6A0-L00051  s/n:3A913800 Channel:0,3465152,1,OK,56.7941566,11.1028790,56.0758838,-38.0838382,32.152,-1.087,-243.659,0.0290792,0,Port 12: NDI-MF2 610016 T6a0-L00018  s/n:38C3F80A Channel:0,3465152,1,OK,90.4736140,3.4708264,-90.4744843,0.9163353,58.344,-35.952,-168.409,0.0391188,0
3,Port 10: NDI-MF2 610016 T6A0-L00051  s/n:3A913800 Channel:0,3465160,1,OK,56.7398039,9.6639275,56.1971588,-18.4296179,33.644,-5.718,-249.472,0.0325820,0,Port 11: NDI-MF2 610016 T6A0-L00051  s/n:3A913800 Channel:0,3465160,1,OK,56.7983160,11.1052839,56.0798404,-38.0756931,32.153,-1.082,-243.661,0.0294264,0,Port 12: NDI-MF2 610016 T6a0-L00018  s/n:38C3F80A Channel:0,3465160,1,OK,90.6253466,3.5369565,-90.6265401,1.2080456,58.336,-35.963,-168.419,0.0378227,0
3,Port 10: NDI-MF2 610016 T6A0-L00051  s/n:3A913800 Channel:0,3465168,1,OK,56.7401804,9.6641070,56.1975226,-18.4344812,33.641,-5.715,-249.466,0.0329584,0,Port 11: NDI-MF2 610016 T6A0-L00051  s/n:3A913800 Channel:0,3465168,1,OK,56.7990917,11.1030986,56.0809260,-38.0774368,32.145,-1.081,-243.663,0.0288664,0,Port 12: NDI-MF2 610016 T6a0-L00018  s/n:38C3F80A Channel:0,3465168,1,OK,90.7241957,3.5751206,-90.7256079,1.3976990,58.330,-35.991,-168.428,0.0371465,0
3,Port 10: NDI-MF2 610016 T6A0-L00051  s/n:3A913800 Channel:0,3465176,1,OK,56.7399950,9.6615128,56.1976291,-18.4353514,33.630,-5.713,-249.467,0.0333348,0,Port 11: NDI-MF2 610016 T6A0-L00051  s/n:3A913800 Channel:0,3465176,1,OK,56.7969157,11.1034736,56.0786404,-38.0870308,32.139,-1.082,-243.661,0.0284066,0,Port 12: NDI-MF2 610016 T6a0-L00018  s/n:38C3F80A Channel:0,3465176,1,OK,90.7839330,3.6000209,-90.7854831,1.5121451,58.345,-35.970,-168.439,0.0389880,0
3,Port 10: NDI-MF2 610016 T6A0-L00051  s/n:3A913800 Channel:0,3465184,1,OK,56.7408176,9.6590830,56.1987456,-18.4382793,33.627,-5.711,-249.465,0.0337498,0,Port 11: NDI-MF2 610016 T6A0-L00051  s/n:3A913800 Channel:0,3465184,1,OK,56.7999667,11.1036519,56.0817521,-38.0855307,32.140,-1.077,-243.649,0.0278264,0,Port 12: NDI-MF2 610016 T6a0-L00018  s/n:38C3F80A Channel:0,3465184,1,OK,90.8734079,3.6741990,-90.8752069,1.6827151,58.324,-35.967,-168.456,0.0384046,0
3,Port 10: NDI-MF2 610016 T6A0-L00051  s/n:3A913800 Channel:0,3465192,1,OK,56.7433208,9.6589765,56.2013130,-18.4262758,33.630,-5.708,-249.464,0.0323374,0,Port 11: NDI-MF2 610016 T6A0-L00051  s/n:3A913800 Channel:0,3465192,1,OK,56.7989208,11.1025925,56.0808171,-38.0890273,32.143,-1.082,-243.645,0.0282794,0,Port 12: NDI-MF2 610016 T6a0-L00018  s/n:38C3F80A Channel:0,3465192,1,OK,90.9104539,3.7001483,-90.9123559,1.7533144,58.315,-35.977,-168.438,0.0379832,0
3,Port 10: NDI-MF2 610016 T6A0-L00051  s/n:3A913800 Channel:0,3465200,1,OK,56.7383327,9.6575868,56.1963797,-18.4235179,33.632,-5.719,-249.476,0.0317568,0,Port 11: NDI-MF2 610016 T6A0-L00051  s/n:3A913800 Channel:0,3465200,1,OK,56.7960051,11.1013620,56.0779834,-38.0954761,32.142,-1.088,-243.662,0.0283820,0,Port 12: NDI-MF2 610016 T6a0-L00018  s/n:38C3F80A Channel:0,3465200,1,OK,90.9212955,3.7251652,-90.9232463,1.7737803,58.295,-36.002,-168.434,0.0362251,0
3,Port 10: NDI-MF2 610016 T6A0-L00051  s/n:3A913800 Channel:0,3465208,1,OK,56.7343669,9.6602302,56.1920302,-18.4292268,33.638,-5.728,-249.485,0.0321744,0,Port 11: NDI-MF2 610016 T6A0-L00051  s/n:3A913800 Channel:0,3465208,1,OK,56.7976678,11.1011671,56.0797177,-38.0912878,32.149,-1.087,-243.667,0.0287579,0,Port 12: NDI-MF2 610016 T6a0-L00018  s/n:38C3F80A Channel:0,3465208,1,OK,90.9378870,3.7410100,-90.9398899,1.8053436,58.312,-36.011,-168.429,0.0378284,0
3,Port 10: NDI-MF2 610016 T6A0-L00051  s/n:3A913800 Channel:0,3465216,1,OK,56.7324613,9.6599328,56.1901190,-18.4346400,33.641,-5.728,-249.467,0.0319209,0,Port 11: NDI-MF2 610016 T6A0-L00051  s/n:3A913800 Channel:0,3465216,1,OK,56.7967488,11.1026150,56.0785822,-38.0936479,32.158,-1.087,-243.654,0.0279244,0,Port 12: NDI-MF2 610016 T6a0-L00018  s/n:38C3F80A Channel:0,3465216,1,OK,90.9876835,3.8003467,-90.9898604,1.8995824,58.305,-35.990,-168.452,0.0372877,0
3,Port 10: NDI-MF2 610016 T6A0-L00051  s/n:3A913800 Channel:0,3465224,1,OK,56.7330548,9.6626228,56.1904182,-18.4350857,33.646,-5.727,-249.466,0.0318200,0,Port 11: NDI-MF2 610016 T6A0-L00051  s/n:3A913800 Channel:0,3465224,1,OK,56.7981859,11.0992991,56.0804965,-38.0917310,32.154,-1.081,-243.659,0.0279423,0,Port 12: NDI-MF2 610016 T6a0-L00018  s/n:38C3F80A Channel:0,3465224,1,OK,91.0297873,3.8406201,-91.0321054,1.9790417,58.288,-35.977,-168.476,0.0373397,0
3,Port 10: NDI-MF2 610016 T6A0-L00051  s/n:3A913800 Channel:0,3465232,1,OK,56.7267657,9.6647618,56.1837544,-18.4302075,33.651,-5.744,-249.464,0.0319315,0,Port 11: NDI-MF2 610016 T6A0-L00051  s/n:3A913800 Channel:0,3465232,1,OK,56.7973878,11.1006063,56.0795040,-38.0873998,32.154,-1.085,-243.661,0.0277044,0,Port 12: NDI-MF2 610016 T6a0-L00018  s/n:38C3F80A Channel:0,3465232,1,OK,91.0240277,3.8551957,-91.0263504,1.9673394,58.290,-35.976,-168.494,0.0395021,0
3,Port 10: NDI-MF2 610016 T6A0-L00051  s/n:3A913800 Channel:0,3465240,1,OK,56.7268807,9.6620923,56.1841762,-18.4344875,33.645,-5.736,-249.468,0.0322233,0,Port 11: NDI-MF2 610016 T6A0-L00051  s/n:3A913800 Channel:0,3465240,1,OK,56.7947823,11.1008224,56.0767981,-38.0936530,32.153,-1.089,-243.663,0.0274509,0,Port 12: NDI-MF2 610016 T6a0-L00018  s/n:38C3F80A Channel:0,3465240,1,OK,91.0269723,3.8716827,-91.0293217,1.9720546,58.274,-35.996,-168.492,0.0379043,0
3,Port 10: NDI-MF2 610016 T6A0-L00051  s/n:3A913800 Channel:0,3465248,1,OK,56.7253206,9.6647778,56.1822775,-18.4406380,33.650,-5.740,-249.477,0.0330228,0,Port 11: NDI-MF2 610016 T6A0-L00051  s/n:3A913800 Channel:0,3465248,1,OK,56.7946111,11.1026365,56.0763828,-38.0913657,32.156,-1.091,-243.670,0.0271167,0,Port 12: NDI-MF2 610016 T6a0-L00018  s/n:38C3F80A Channel:0,3465248,1,OK,91.0681197,3.8889905,-91.0705852,2.0494671,58.302,-36.003,-168.480,0.0404373,0
3,Port 10: NDI-MF2 610016 T6A0-L00051  s/n:3A913800 Channel:0,3465256,1,OK,56.7278158,9.6694688,56.1842893,-18.4334501,33.658,-5.740,-249.485,0.0322430,0,Port 11: NDI-MF2 610016 T6A0-L00051  s/n:3A913800 Channel:0,3465256,1,OK,56.7978435,11.1032322,56.0796257,-38.0892803,32.159,-1.084,-243.668,0.0277664,0,Port 12: NDI-MF2 610016 T6a0-L00018  s/n:38C3F80A Channel:0,3465256,1,OK,91.0803574,3.9348448,-91.0829104,2.0713429,58.259,-35.978,-168.490,0.0369693,0
3,Port 10: NDI-MF2 610016 T6A0-L00051  s/n:3A913800 Channel:0,3465264,1,OK,56.7284351,9.6728044,56.1845407,-18.4286606,33.664,-5.740,-249.490,0.0319407,0,Port 11: NDI-MF2 610016 T6A0-L00051  s/n:3A913800 Channel:0,3465264,1,OK,56.7973154,11.1051178,56.0788341,-38.0886648,32.160,-1.086,-243.677,0.0284225,0,Port 12: NDI-MF2 610016 T6a0-L00018  s/n:38C3F80A Channel:0,3465264,1,OK,91.0741892,3.9361405,-91.0767293,2.0589556,58.272,-35.974,-168.504,0.0373492,0
3,Port 10: NDI-MF2 610016 T6A0-L00051  s/n:3A913800 Channel:0,3465272,1,OK,56.7238452,9.6731502,56.1798157,-18.4350917,33.659,-5.749,-249.489,0.0320818,0,Port 11: NDI-MF2 610016 T6A0-L00051  s/n:3A913800 Channel:0,3465272,1,OK,56.7995493,11.1046998,56.0811849,-38.0871598,32.156,-1.079,-243.675,0.0281046,0,Port 12: NDI-MF2 610016 T6a0-L00018  s/n:38C3F80A Channel:0,3465272,1,OK,91.1062590,3.9654592,-91.1089142,2.1187315,58.258,-35.973,-168.502,0.0360656,0
3,Port 10: NDI-MF2 610016 T6A0-L00051  s/n:3A913800 Channel:0,3465280,1,OK,56.7241865,9.6753521,56.1799127,-18.4297587,33.658,-5.749,-249.488,0.0312534,0,Port 11: NDI-MF2 610016 T6A0-L00051  s/n:3A913800 Channel:0,3465280,1,OK,56.8022947,11.1065761,56.0837583,-38.0837941,32.157,-1.074,-243.672,0.0272642,0,Port 12: NDI-MF2 610016 T6a0-L00018  s/n:38C3F80A Channel:0,3465280,1,OK,91.1437757,3.9904451,-91.1465557,2.1887565,58.268,-35.987,-168.509,0.0357674,0
3,Port 10: NDI-MF2 610016 T6A0-L00051  s/n:3A913800 Channel:0,3465288,1,OK,56.7262237,9.6717995,56.1823980,-18.4295190,33.650,-5.746,-249.491,0.0313502,0,Port 11: NDI-MF2 610016 T6A0-L00051  s/n:3A913800 Channel:0,3465288,1,OK,56.8020334,11.1056661,56.0836100,-38.0848012,32.152,-1.073,-243.680,0.0271141,0,Port 12: NDI-MF2 610016 T6a0-L00018  s/n:38C3F80A Channel:0,3465288,1,OK,91.1428406,3.9896078,-91.1456171,2.1862563,58.274,-35.963,-168.520,0.0368100,0
3,Port 10: NDI-MF2 610016 T6A0-L00051  s/n:3A913800 Channel:0,3465296,1,OK,56.7274582,9.6708555,56.1837660,-18.4276373,33.650,-5.748,-249.499,0.0318967,0,Port 11: NDI-MF2 610016 T6A0-L00051  s/n:3A913800 Channel:0,3465296,1,OK,56.8062696,11.1027645,56.0883459,-38.0849476,32.152,-1.066,-243.678,0.0270108,0,Port 12: NDI-MF2 610016 T6a0-L00018  s/n:38C3F80A Channel:0,3465296,1,OK,91.1508555,3.9919492,-91.1536548,2.2005355,58.275,-35.976,-168.510,0.0367980,0
3,Port 10: NDI-MF2 610016 T6A0-L00051  s/n:3A913800 Channel:0,3465304,1,OK,56.7264146,9.6678739,56.1830409,-18.4225659,33.655,-5.751,-249.508,0.0315383,0,Port 11: NDI-MF2 610016 T6A0-L00051  s/n:3A913800 Channel:0,3465304,1,OK,56.8032016,11.1029935,56.0851631,-38.0929126,32.160,-1.072,-243.680,0.0272477,0,Port 12: NDI-MF2 610016 T6a0-L00018  s/n:38C3F80A Channel:0,3465304,1,OK,91.1771178,3.9984639,-91.1799904,2.2493305,58.295,-35.976,-168.514,0.0377716,0
3,Port 10: NDI-MF2 610016 T6A0-L00051  s/n:3A913800 Channel:0,3465312,1,OK,56.7242425,9.6677890,56.1808334,-18.4243105,33.654,-5.753,-249.518,0.0313138,0,Port 11: NDI-MF2 610016 T6A0-L00051  s/n:3A913800 Channel:0,3465312,1,OK,56.8038211,11.1042133,56.0856388,-38.0929652,32.169,-1.069,-243.691,0.0274723,0,Port 12: NDI-MF2 610016 T6a0-L00018  s/n:38C3F80A Channel:0,3465312,1,OK,91.2236020,4.0067823,-91.2266005,2.3364202,58.280,-35.978,-168.484,0.0365813,0
3,Port 10: NDI-MF2 610016 T6A0-L00051  s/n:3A913800 Channel:0,3465320,1,OK,56.7283205,9.6683683,56.1849300,-18.4253510,33.661,-5.745,-249.502,0.0311728,0,Port 11: NDI-MF2 610016 T6A0-L00051  s/n:3A913800 Channel:0,3465320,1,OK,56.8029672,11.1025843,56.0849762,-38.0929235,32.171,-1.071,-243.686,0.0273739,0,Port 12: NDI-MF2 610016 T6a0-L00018  s/n:38C3F80A Channel:0,3465320,1,OK,91.2959024,4.0178839,-91.2990958,2.4720260,58.268,-35.991,-168.494,0.0364032,0
3,Port 10: NDI-MF2 610016 T6A0-L00051  s/n:3A913800 Channel:0,3465328,1,OK,56.7317883,9.6684047,56.1884659,-18.4145692,33.662,-5.739,-249.495,0.0300066,0,Port 11: NDI-MF2 610016 T6A0-L00051  s/n:3A913800 Channel:0,3465328,1,OK,56.8049467,11.1006196,56.0872695,-38.0881893,32.173,-1.066,-243.680,0.0282472,0,Port 12: NDI-MF2 610016 T6a0-L00018  s/n:38C3F80A Channel:0,3465328,1,OK,91.3340407,4.0170751,-91.3373268,2.5433083,58.290,-35.976,-168.495,0.0394860,0
3,Port 10: NDI-MF2 610016 T6A0-L00051  s/n:3A913800 Channel:0,3465336,1,OK,56.7298997,9.6676002,56.1866298,-18.4141340,33.659,-5.743,-249.497,0.0301331,0,Port 11: NDI-MF2 610016 T6A0-L00051  s/n:3A913800 Channel:0,3465336,1,OK,56.8050405,11.0995619,56.0875054,-38.0884593,32.172,-1.067,-243.681,0.0286365,0,Port 12: NDI-MF2 610016 T6a0-L00018  s/n:38C3F80A Channel:0,3465336,1,OK,91.3752047,4.0294992,-91.3786133,2.6201240,58.259,-35.978,-168.498,0.0370961,0
3,Port 10: NDI-MF2 610016 T6A0-L00051  s/n:3A913800 Channel:0,3465344,1,OK,56.7272069,9.6688902,56.1837337,-18.4138064,33.652,-5.748,-249.498,0.0302074,0,Port 11: NDI-MF2 610016 T6A0-L00051  s/n:3A913800 Channel:0,3465344,1,OK,56.8045145,11.1023359,56.0865989,-38.0897387,32.170,-1.069,-243.686,0.0282070,0,Port 12: NDI-MF2 610016 T6a0-L00018  s/n:38C3F80A Channel:0,3465344,1,OK,91.4021613,4.0220429,-91.4056238,2.6708184,58.272,-35.992,-168.495,0.0393202,0
3,Port 10: NDI-MF2 610016 T6A0-L00051  s/n:3A913800 Channel:0,3465352,1,OK,56.7294140,9.6685398,56.1860268,-18.4159579,33.650,-5.740,-249.508,0.0304999,0,Port 11: NDI-MF2 610016 T6A0-L00051  s/n:3A913800 Channel:0,3465352,1,OK,56.8026084,11.1042233,56.0843912,-38.0916975,32.167,-1.071,-243.693,0.0280940,0,Port 12: NDI-MF2 610016 T6a0-L00018  s/n:38C3F80A Channel:0,3465352,1,OK,91.4188410,4.0194126,-91.4223401,2.7018754,58.268,-35.995,-168.506,0.0380826,0
3,Port 10: NDI-MF2 610016 T6A0-L00051  s/n:3A913800 Channel:0,3465360,1,OK,56.7352016,9.6669364,56.1921177,-18.4220812,33.648,-5.729,-249.501,0.0316987,0,Port 11: NDI-MF2 610016 T6A0-L00051  s/n:3A913800 Channel:0,3465360,1,OK,56.8004683,11.1044918,56.0821567,-38.0913817,32.162,-1.078,-243.690,0.0286971,0,Port 12: NDI-MF2 610016 T6a0-L00018  s/n:38C3F80A Channel:0,3465360,1,OK,91.4283405,4.0013292,-91.4318314,2.7198269,58.257,-36.021,-168.518,0.0382697,0
3,Port 10: NDI-MF2 610016 T6A0-L00051  s/n:3A913800 Channel:0,3465368,1,OK,56.7353538,9.6695416,56.1919758,-18.4167514,33.651,-5.728,-249.488,0.0311179,0,Port 11: NDI-MF2 610016 T6A0-L00051  s/n:3A913800 Channel:0,3465368,1,OK,56.8002662,11.1093630,56.0813059,-38.0940362,32.167,-1.081,-243.686,0.0284152,0,Port 12: NDI-MF2 610016 T6a0-L00018  s/n:38C3F80A Channel:0,3465368,1,OK,91.4226216,3.9966096,-91.4260903,2.7089018,58.260,-36.016,-168.488,0.0385082,0
3,Port 10: NDI-MF2 610016 T6A0-L00051  s/n:3A913800 Channel:0,3465376,1,OK,56.7385176,9.6699462,56.1951593,-18.4143363,33.650,-5.719,-249.477,0.0302099,0,Port 11: NDI-MF2 610016 T6A0-L00051  s/n:3A913800 Channel:0,3465376,1,OK,56.7996202,11.1107592,56.0804577,-38.0913040,32.165,-1.083,-243.685,0.0289007,0,Port 12: NDI-MF2 610016 T6a0-L00018  s/n:38C3F80A Channel:0,3465376,1,OK,91.4268241,3.9930271,-91.4302968,2.7165222,58.245,-36.019,-168.493,0.0369132,0
3,Port 10: NDI-MF2 610016 T6A0-L00051  s/n:3A913800 Channel:0,3465384,1,OK,56.7361269,9.6712597,56.1925689,-18.4132228,33.651,-5.725,-249.480,0.0301818,0,Port 11: NDI-MF2 610016 T6A0-L00051  s/n:3A913800 Channel:0,3465384,1,OK,56.7943266,11.1114761,56.0749232,-38.0959644,32.160,-1.097,-243.685,0.0286265,0,Port 12: NDI-MF2 610016 T6a0-L00018  s/n:38C3F80A Channel:0,3465384,1,OK,91.4380218,3.9933552,-91.4415224,2.7370517,58.240,-36.010,-168.504,0.0374326,0
3,Port 10: NDI-MF2 610016 T6A0-L00051  s/n:3A913800 Channel:0,3465392,1,OK,56.7389984,9.6685030,56.1958148,-18.4189384,33.649,-5.719,-249.473,0.0303899,0,Port 11: NDI-MF2 610016 T6A0-L00051  s/n:3A913800 Channel:0,3465392,1,OK,56.7950665,11.1085281,56.0760729,-38.0982375,32.155,-1.097,-243.675,0.0287737,0,Port 12: NDI-MF2 610016 T6a0-L00018  s/n:38C3F80A Channel:0,3465392,1,OK,91.4009477,3.9697404,-91.4043177,2.6674728,58.253,-35.979,-168.417,0.0378281,0
3,Port 10: NDI-MF2 610016 T6A0-L00051  s/n:3A913800 Channel:0,3465400,1,OK,56.7365712,9.6720643,56.1929307,-18.4202981,33.653,-5.727,-249.477,0.0304453,0,Port 11: NDI-MF2 610016 T6A0-L00051  s/n:3A913800 Channel:0,3465400,1,OK,56.7955583,11.1112787,56.0762150,-38.0958425,32.158,-1.098,-243.680,0.0287131,0,Port 12: NDI-MF2 610016 T6a0-L00018  s/n:38C3F80A Channel:0,3465400,1,OK,91.4076845,3.9682319,-91.4110681,2.6793511,58.254,-35.968,-168.423,0.0378680,0
3,Port 10: NDI-MF2 610016 T6A0-L00051  s/n:3A913800 Channel:0,3465408,1,OK,56.7349138,9.6706676,56.1913982,-18.4215325,33.648,-5.731,-249.474,0.0305556,0,Port 11: NDI-MF2 610016 T6A0-L00051  s/n:3A913800 Channel:0,3465408,1,OK,56.7955098,11.1134448,56.0758790,-38.0967390,32.160,-1.100,-243.679,0.0286529,0,Port 12: NDI-MF2 610016 T6a0-L00018  s/n:38C3F80A Channel:0,3465408,1,OK,91.4085026,3.9647503,-91.4118823,2.6800613,58.247,-35.969,-168.435,0.0387371,0
3,Port 10: NDI-MF2 610016 T6A0-L00051  s/n:3A913800 Channel:0,3465416,1,OK,56.7334550,9.6707648,56.1898979,-18.4257664,33.651,-5.732,-249.472,0.0309927,0,Port 11: NDI-MF2 610016 T6A0-L00051  s/n:3A913800 Channel:0,3465416,1,OK,56.7911528,11.1150290,56.0711923,-38.1008595,32.162,-1.110,-243.686,0.0278605,0,Port 12: NDI-MF2 610016 T6a0-L00018  s/n:38C3F80A Channel:0,3465416,1,OK,91.4013671,3.9587204,-91.4047194,2.6657672,58.251,-35.970,-168.441,0.0384512,0
3,Port 10: NDI-MF2 610016 T6A0-L00051  s/n:3A913800 Channel:0,3465424,1,OK,56.7339611,9.6701743,56.1904819,-18.4372295,33.655,-5.731,-249.473,0.0318068,0,Port 11: NDI-MF2 610016 T6A0-L00051  s/n:3A913800 Channel:0,3465424,1,OK,56.7872184,11.1113507,56.0676351,-38.1040846,32.162,-1.118,-243.686,0.0279933,0,Port 12: NDI-MF2 610016 T6a0-L00018  s/n:38C3F80A Channel:0,3465424,1,OK,91.3836010,3.9503545,-91.3868967,2.6313215,58.246,-35.972,-168.442,0.0388661,0
3,Port 10: NDI-MF2 610016 T6A0-L00051  s/n:3A913800 Channel:0,3465432,1,OK,56.7344967,9.6699396,56.1910555,-18.4397307,33.659,-5.734,-249.467,0.0318878,0,Port 11: NDI-MF2 610016 T6A0-L00051  s/n:3A913800 Channel:0,3465432,1,OK,56.7867100,11.1063992,56.0677668,-38.1022723,32.158,-1.118,-243.685,0.0274070,0,Port 12: NDI-MF2 610016 T6a0-L00018  s/n:38C3F80A Channel:0,3465432,1,OK,91.3556823,3.9441998,-91.3589014,2.5778134,58.241,-35.962,-168.444,0.0393634,0
3,Port 10: NDI-MF2 610016 T6A0-L00051  s/n:3A913800 Channel:0,3465440,1,OK,56.7346380,9.6708196,56.1910993,-18.4376577,33.664,-5.731,-249.463,0.0318035,0,Port 11: NDI-MF2 610016 T6A0-L00051  s/n:3A913800 Channel:0,3465440,1,OK,56.7870527,11.1033255,56.0685248,-38.0998139,32.159,-1.114,-243.686,0.0270348,0,Port 12: NDI-MF2 610016 T6a0-L00018  s/n:38C3F80A Channel:0,3465440,1,OK,91.0929799,3.8950468,-91.0955107,2.0785655,58.234,-35.943,-168.420,0.0423205,0
3,Port 10: NDI-MF2 610016 T6A0-L00051  s/n:3A913800 Channel:0,3465448,1,OK,56.7304761,9.6716805,56.1867525,-18.4407409,33.667,-5.741,-249.471,0.0320215,0,Port 11: NDI-MF2 610016 T6A0-L00051  s/n:3A913800 Channel:0,3465448,1,OK,56.7810825,11.1020768,56.0625548,-38.1027589,32.155,-1.123,-243.688,0.0271135,0,Port 12: NDI-MF2 610016 T6a0-L00018  s/n:38C3F80A Channel:0,3465448,1,OK,90.9821848,3.8637905,-90.9844226,1.8694895,58.260,-35.949,-168.415,0.0374923,0
3,Port 10: NDI-MF2 610016 T6A0-L00051  s/n:3A913800 Channel:0,3465456,1,OK,56.7305310,9.6744229,56.1864955,-18.4463313,33.666,-5.743,-249.484,0.0329462,0,Port 11: NDI-MF2 610016 T6A0-L00051  s/n:3A913800 Channel:0,3465456,1,OK,56.7793083,11.1052323,56.0603149,-38.1034317,32.157,-1.128,-243.695,0.0271317,0,Port 12: NDI-MF2 610016 T6a0-L00018  s/n:38C3F80A Channel:0,3465456,1,OK,90.8936854,3.8274217,-90.8956833,1.7027196,58.275,-35.988,-168.382,0.0374918,0
3,Port 10: NDI-MF2 610016 T6A0-L00051  s/n:3A913800 Channel:0,3465464,1,OK,56.7356769,9.6707542,56.1921673,-18.4466364,33.655,-5.729,-249.471,0.0329494,0,Port 11: NDI-MF2 610016 T6A0-L00051  s/n:3A913800 Channel:0,3465464,1,OK,56.7865823,11.1049782,56.0678233,-38.0966069,32.152,-1.111,-243.686,0.0267436,0,Port 12: NDI-MF2 610016 T6a0-L00018  s/n:38C3F80A Channel:0,3465464,1,OK,90.7930055,3.7949524,-90.7947483,1.5121403,58.272,-35.929,-168.355,0.0389569,0
3,Port 10: NDI-MF2 610016 T6A0-L00051  s/n:3A913800 Channel:0,3465472,1,OK,56.7380593,9.6706844,56.1946072,-18.4427015,33.652,-5.721,-249.469,0.0327011,0,Port 11: NDI-MF2 610016 T6A0-L00051  s/n:3A913800 Channel:0,3465472,1,OK,56.7877959,11.1073799,56.0687532,-38.0947226,32.153,-1.108,-243.686,0.0269867,0,Port 12: NDI-MF2 610016 T6a0-L00018  s/n:38C3F80A Channel:0,3465472,1,OK,90.7030620,3.7922778,-90.7046049,1.3414851,58.263,-35.928,-168.365,0.0366995,0
3,Port 10: NDI-MF2 610016 T6A0-L00051  s/n:3A913800 Channel:0,3465480,1,OK,56.7337966,9.6663407,56.1907514,-18.4423810,33.639,-5.729,-249.470,0.0325599,0,Port 11: NDI-MF2 610016 T6A0-L00051  s/n:3A913800 Channel:0,3465480,1,OK,56.7839720,11.1060380,56.0650010,-38.0979989,32.147,-1.116,-243.682,0.0273565,0,Port 12: NDI-MF2 610016 T6a0-L00018  s/n:38C3F80A Channel:0,3465480,1,OK,90.6417203,3.7519809,-90.6430987,1.2252473,58.253,-35.971,-168.365,0.0385654,0
3,Port 10: NDI-MF2 610016 T6A0-L00051  s/n:3A913800 Channel:0,3465488,1,OK,56.7317985,9.6656746,56.1887877,-18.4403785,33.644,-5.735,-249.485,0.0323340,0,Port 11: NDI-MF2 610016 T6A0-L00051  s/n:3A913800 Channel:0,3465488,1,OK,56.7808680,11.1053104,56.0619073,-38.1009694,32.145,-1.122,-243.694,0.0268886,0,Port 12: NDI-MF2 610016 T6a0-L00018  s/n:38C3F80A Channel:0,3465488,1,OK,90.5985861,3.7330943,-90.5998590,1.1435267,58.254,-35.994,-168.374,0.0442498,0
3,Port 10: NDI-MF2 610016 T6A0-L00051  s/n:3A913800 Channel:0,3465496,1,OK,56.7329061,9.6644225,56.1900611,-18.4382419,33.643,-5.734,-249.483,0.0316797,0,Port 11: NDI-MF2 610016 T6A0-L00051  s/n:3A913800 Channel:0,3465496,1,OK,56.7833676,11.1053625,56.0644691,-38.0946828,32.144,-1.116,-243.690,0.0270291,0,Port 12: NDI-MF2 610016 T6a0-L00018  s/n:38C3F80A Channel:0,3465496,1,OK,90.5464212,3.7133554,-90.5475708,1.0444498,58.292,-35.947,-168.331,0.0397886,0
3,Port 10: NDI-MF2 610016 T6A0-L00051  s/n:3A913800 Channel:0,3465504,1,OK,56.7373234,9.6624149,56.1947992,-18.4274494,33.641,-5.722,-249.467,0.0306098,0,Port 11: NDI-MF2 610016 T6A0-L00051  s/n:3A913800 Channel:0,3465504,1,OK,56.7873432,11.1071702,56.0683156,-38.0869538,32.149,-1.107,-243.684,0.0274050,0,Port 12: NDI-MF2 610016 T6a0-L00018  s/n:38C3F80A Channel:0,3465504,1,OK,90.5552459,3.7057440,-90.5564093,1.0620019,58.262,-36.006,-168.422,0.0412774,0
3,Port 10: NDI-MF2 610016 T6A0-L00051  s/n:3A913800 Channel:0,3465512,1,OK,56.7341999,9.6588531,56.1920168,-18.4274405,33.634,-5.726,-249.470,0.0306135,0,Port 11: NDI-MF2 610016 T6A0-L00051  s/n:3A913800 Channel:0,3465512,1,OK,56.7863685,11.1065475,56.0673963,-38.0898764,32.149,-1.112,-243.679,0.0279717,0,Port 12: NDI-MF2 610016 T6a0-L00018  s/n:38C3F80A Channel:0,3465512,1,OK,90.5132575,3.7039568,-90.5143319,0.9818459,58.273,-35.995,-168.422,0.0427184,0
3,Port 10: NDI-MF2 610016 T6A0-L00051  s/n:3A913800 Channel:0,3465520,1,OK,56.7306125,9.6574414,56.1885158,-18.4290409,33.629,-5.733,-249.462,0.0303297,0,Port 11: NDI-MF2 610016 T6A0-L00051  s/n:3A913800 Channel:0,3465520,1,OK,56.7856527,11.1080975,56.0664560,-38.0933701,32.150,-1.113,-243.672,0.0281608,0,Port 12: NDI-MF2 610016 T6a0-L00018  s/n:38C3F80A Channel:0,3465520,1,OK,90.4808295,3.6939638,-90.4818306,0.9200005,58.255,-36.012,-168.409,0.0399273,0
3,Port 10: NDI-MF2 610016 T6A0-L00051  s/n:3A913800 Channel:0,3465528,1,OK,56.7300345,9.6560734,56.1880817,-18.4319048,33.621,-5.736,-249.468,0.0304576,0,Port 11: NDI-MF2 610016 T6A0-L00051  s/n:3A913800 Channel:0,3465528,1,OK,56.7887435,11.1063777,56.0698593,-38.0946383,32.148,-1.109,-243.670,0.0287617,0,Port 12: NDI-MF2 610016 T6a0-L00018  s/n:38C3F80A Channel:0,3465528,1,OK,90.4469959,3.6833170,-90.4479211,0.8554800,58.257,-36.006,-168.398,0.0394419,0
3,Port 10: NDI-MF2 610016 T6A0-L00051  s/n:3A913800 Channel:0,3465536,1,OK,56.7266188,9.6529171,56.1849548,-18.4338413,33.616,-5.739,-249.467,0.0300165,0,Port 11: NDI-MF2 610016 T6A0-L00051  s/n:3A913800 Channel:0,3465536,1,OK,56.7895081,11.1022263,56.0711931,-38.0942066,32.142,-1.104,-243.672,0.0287311,0,Port 12: NDI-MF2 610016 T6a0-L00018  s/n:38C3F80A Channel:0,3465536,1,OK,90.4262560,3.6868334,-90.4271401,0.8158349,58.287,-35.995,-168.384,0.0419921,0
3,Port 10: NDI-MF2 610016 T6A0-L00051  s/n:3A913800 Channel:0,3465544,1,OK,56.7215286,9.6555724,56.1794563,-18.4330641,33.622,-5.752,-249.471,0.0298876,0,Port 11: NDI-MF2 610016 T6A0-L00051  s/n:3A913800 Channel:0,3465544,1,OK,56.7858999,11.1039863,56.0672530,-38.0939531,32.145,-1.112,-243.679,0.0286538,0,Port 12: NDI-MF2 610016 T6a0-L00018  s/n:38C3F80A Channel:0,3465544,1,OK,90.4210959,3.6926745,-90.4219720,0.8058777,58.268,-36.012,-168.389,0.0388708,0
3,Port 10: NDI-MF2 610016 T6A0-L00051  s/n:3A913800 Channel:0,3465552,1,OK,56.7212049,9.6576844,56.1788852,-18.4308679,33.627,-5.755,-249.467,0.0293876,0,Port 11: NDI-MF2 610016 T6A0-L00051  s/n:3A913800 Channel:0,3465552,1,OK,56.7834310,11.1045862,56.0646367,-38.0966434,32.147,-1.116,-243.668,0.0275720,0,Port 12: NDI-MF2 610016 T6a0-L00018  s/n:38C3F80A Channel:0,3465552,1,OK,90.4027918,3.6779652,-90.4036231,0.7710411,58.272,-36.025,-168.395,0.0393755,0
3,Port 10: NDI-MF2 610016 T6A0-L00051  s/n:3A913800 Channel:0,3465560,1,OK,56.7234077,9.6603775,56.1808266,-18.4269458,33.633,-5.749,-249.468,0.0293309,0,Port 11: NDI-MF2 610016 T6A0-L00051  s/n:3A913800 Channel:0,3465560,1,OK,56.7843255,11.1040228,56.0656304,-38.0984987,32.150,-1.111,-243.666,0.0273330,0,Port 12: NDI-MF2 610016 T6a0-L00018  s/n:38C3F80A Channel:0,3465560,1,OK,90.4457436,3.7030950,-90.4466762,0.8527137,58.282,-35.939,-168.353,0.0409689,0
3,Port 10: NDI-MF2 610016 T6A0-L00051  s/n:3A913800 Channel:0,3465568,1,OK,56.7225201,9.6655307,56.1793328,-18.4387164,33.639,-5.749,-249.464,0.0300871,0,Port 11: NDI-MF2 610016 T6A0-L00051  s/n:3A913800 Channel:0,3465568,1,OK,56.7862907,11.1052024,56.0674940,-38.1018371,32.153,-1.106,-243.668,0.0271671,0,Port 12: NDI-MF2 610016 T6a0-L00018  s/n:38C3F80A Channel:0,3465568,1,OK,90.4231711,3.7019745,-90.4240560,0.8096909,58.287,-35.938,-168.349,0.0399494,0
3,Port 10: NDI-MF2 610016 T6A0-L00051  s/n:3A913800 Channel:0,3465576,1,OK,56.7238122,9.6647577,56.1807400,-18.4423754,33.638,-5.745,-249.457,0.0304979,0,Port 11: NDI-MF2 610016 T6A0-L00051  s/n:3A913800 Channel:0,3465576,1,OK,56.7875529,11.1055967,56.0687390,-38.1010372,32.153,-1.100,-243.663,0.0270774,0,Port 12: NDI-MF2 610016 T6a0-L00018  s/n:38C3F80A Channel:0,3465576,1,OK,90.4048736,3.7022220,-90.4057203,0.7748123,58.291,-35.932,-168.342,0.0389991,0
3,Port 10: NDI-MF2 610016 T6A0-L00051  s/n:3A913800 Channel:0,3465584,1,OK,56.7230692,9.6654774,56.1798994,-18.4523357,33.635,-5.749,-249.459,0.0319998,0,Port 11: NDI-MF2 610016 T6A0-L00051  s/n:3A913800 Channel:0,3465584,1,OK,56.7881102,11.1036708,56.0695660,-38.1068257,32.145,-1.097,-243.646,0.0266119,0,Port 12: NDI-MF2 610016 T6a0-L00018  s/n:38C3F80A Channel:0,3465584,1,OK,90.3918940,3.7042580,-90.3927144,0.7500484,58.293,-35.929,-168.334,0.0382356,0
3,Port 10: NDI-MF2 610016 T6A0-L00051  s/n:3A913800 Channel:0,3465592,1,OK,56.7231152,9.6691818,56.1795235,-18.4537030,33.642,-5.752,-249.462,0.0324802,0,Port 11: NDI-MF2 610016 T6A0-L00051  s/n:3A913800 Channel:0,3465592,1,OK,56.7899109,11.1064766,56.0710459,-38.1021396,32.149,-1.093,-243.644,0.0269924,0,Port 12: NDI-MF2 610016 T6a0-L00018  s/n:38C3F80A Channel:0,3465592,1,OK,90.3828971,3.7045219,-90.3836989,0.7328867,58.291,-35.935,-168.329,0.0384794,0
3,Port 10: NDI-MF2 610016 T6A0-L00051  s/n:3A913800 Channel:0,3465600,1,OK,56.7241736,9.6697837,56.1805353,-18.4527349,33.647,-5.749,-249.483,0.0322107,0,Port 11: NDI-MF2 610016 T6A0-L00051  s/n:3A913800 Channel:0,3465600,1,OK,56.7918600,11.1062786,56.0730749,-38.0977216,32.151,-1.090,-243.659,0.0270876,0,Port 12: NDI-MF2 610016 T6a0-L00018  s/n:38C3F80A Channel:0,3465600,1,OK,90.3755136,3.7097880,-90.3763022,0.7188080,58.295,-35.935,-168.332,0.0374333,0
3,Port 10: NDI-MF2 610016 T6A0-L00051  s/n:3A913800 Channel:0,3465608,1,OK,56.7262227,9.6725071,56.1823162,-18.4516305,33.658,-5.743,-249.483,0.0321392,0,Port 11: NDI-MF2 610016 T6A0-L00051  s/n:3A913800 Channel:0,3465608,1,OK,56.7922375,11.1076083,56.0732872,-38.0911781,32.157,-1.089,-243.658,0.0271991,0,Port 12: NDI-MF2 610016 T6a0-L00018  s/n:38C3F80A Channel:0,3465608,1,OK,90.3644685,3.7120214,-90.3652347,0.6977419,58.296,-35.934,-168.335,0.0379989,0
3,Port 10: NDI-MF2 610016 T6A0-L00051  s/n:3A913800 Channel:0,3465616,1,OK,56.7266705,9.6740569,56.1825963,-18.4427359,33.667,-5.744,-249.488,0.0319202,0,Port 11: NDI-MF2 610016 T6A0-L00051  s/n:3A913800 Channel:0,3465616,1,OK,56.7924496,11.1120860,56.0729138,-38.0881800,32.163,-1.091,-243.651,0.0273620,0,Port 12: NDI-MF2 610016 T6a0-L00018  s/n:38C3F80A Channel:0,3465616,1,OK,90.3512326,3.7114806,-90.3519709,0.6725004,58.289,-35.938,-168.333,0.0381199,0
3,Port 10: NDI-MF2 610016 T6A0-L00051  s/n:3A913800 Channel:0,3465624,1,OK,56.7257823,9.6789501,56.1811306,-18.4496989,33.675,-5.747,-249.502,0.0325326,0,Port 11: NDI-MF2 610016 T6A0-L00051  s/n:3A913800 Channel:0,3465624,1,OK,56.7935878,11.1081897,56.0745981,-38.0846917,32.161,-1.090,-243.653,0.0275672,0,Port 12: NDI-MF2 610016 T6a0-L00018  s/n:38C3F80A Channel:0,3465624,1,OK,90.3366299,3.7108721,-90.3373372,0.6446679,58.290,-35.943,-168.325,0.0383450,0
